HITId,HITTypeId,Title,Description,Keywords,Reward,CreationTime,MaxAssignments,RequesterAnnotation,AssignmentDurationInSeconds,AutoApprovalDelayInSeconds,Expiration,AssignmentId,WorkerId,AssignmentStatus,AcceptTime,SubmitTime,AutoApprovalTime,WorkTimeInSeconds,LifetimeApprovalRate,Last30DaysApprovalRate,Last7DaysApprovalRate,Answer.annotatedResult.boundingBoxes,Answer.annotatedResult.inputImageProperties.height,Answer.annotatedResult.inputImageProperties.width,Approve,Reject
33BFF6QPJ4TKFLSO24U9C3H8ZE63WJ,3PUZG2R74V2U9P5Q09H0HOOQ4PV459,Draw a bounding box around 1 item (2 cents):,Draw a bounding box around 1 item (2 cents):,1 bounding box,$0.02,Fri Nov 29 17:05:35 PST 2019,100,BatchId:3853201;OriginalHitTemplateId:928390838;,3600,86400,Sat Nov 30 17:05:35 PST 2019,30ZX6P7VFCDBA3UZH72RTNDXXMK2JL,A32YIAVCB5MZEL,Submitted,Fri Nov 29 19:10:05 PST 2019,Fri Nov 29 19:11:37 PST 2019,Sat Nov 30 19:11:37 PST 2019,92,0% (0/0),0% (0/0),0% (0/0),"[{""height"":152,""label"":""No Need to Do this Label"",""left"":151,""top"":430,""width"":394}]",683,1024,,
33BFF6QPJ4TKFLSO24U9C3H8ZE63WJ,3PUZG2R74V2U9P5Q09H0HOOQ4PV459,Draw a bounding box around 1 item (2 cents):,Draw a bounding box around 1 item (2 cents):,1 bounding box,$0.02,Fri Nov 29 17:05:35 PST 2019,100,BatchId:3853201;OriginalHitTemplateId:928390838;,3600,86400,Sat Nov 30 17:05:35 PST 2019,31UV0MXWNUU7EPTGH8JPFT194HII5M,A16CB7UV5WYVGE,Submitted,Fri Nov 29 17:16:18 PST 2019,Fri Nov 29 17:17:06 PST 2019,Sat Nov 30 17:17:06 PST 2019,48,0% (0/0),0% (0/0),0% (0/0),"[{""height"":189,""label"":""No Need to Do this Label"",""left"":133,""top"":405,""width"":426}]",683,1024,,
33BFF6QPJ4TKFLSO24U9C3H8ZE63WJ,3PUZG2R74V2U9P5Q09H0HOOQ4PV459,Draw a bounding box around 1 item (2 cents):,Draw a bounding box around 1 item (2 cents):,1 bounding box,$0.02,Fri Nov 29 17:05:35 PST 2019,100,BatchId:3853201;OriginalHitTemplateId:928390838;,3600,86400,Sat Nov 30 17:05:35 PST 2019,31UV0MXWNUU7EPTGH8JPFT194HNI5R,A37VAG5ESQEH6N,Submitted,Fri Nov 29 19:38:21 PST 2019,Fri Nov 29 19:39:48 PST 2019,Sat Nov 30 19:39:48 PST 2019,87,0% (0/0),0% (0/0),0% (0/0),"[{""height"":149,""label"":""No Need to Do this Label"",""left"":146,""top"":431,""width"":399}]",683,1024,,
33BFF6QPJ4TKFLSO24U9C3H8ZE63WJ,3PUZG2R74V2U9P5Q09H0HOOQ4PV459,Draw a bounding box around 1 item (2 cents):,Draw a bounding box around 1 item (2 cents):,1 bounding box,$0.02,Fri Nov 29 17:05:35 PST 2019,100,BatchId:3853201;OriginalHitTemplateId:928390838;,3600,86400,Sat Nov 30 17:05:35 PST 2019,320DUZ38GB41PX26GMNGVR7Y75PJGL,A1U69QDM8UIXZ5,Submitted,Fri Nov 29 19:22:21 PST 2019,Fri Nov 29 19:23:46 PST 2019,Sat Nov 30 19:23:46 PST 2019,85,0% (0/0),0% (0/0),0% (0/0),"[{""height"":151,""label"":""No Need to Do this Label"",""left"":147,""top"":428,""width"":396}]",683,1024,,
33BFF6QPJ4TKFLSO24U9C3H8ZE63WJ,3PUZG2R74V2U9P5Q09H0HOOQ4PV459,Draw a bounding box around 1 item (2 cents):,Draw a bounding box around 1 item (2 cents):,1 bounding box,$0.02,Fri Nov 29 17:05:35 PST 2019,100,BatchId:3853201;OriginalHitTemplateId:928390838;,3600,86400,Sat Nov 30 17:05:35 PST 2019,32KTQ2V7RHXCBVLJ5DUYJ2DS7ML9MK,A1XCQA727LJVL2,Submitted,Fri Nov 29 17:10:05 PST 2019,Fri Nov 29 17:11:31 PST 2019,Sat Nov 30 17:11:31 PST 2019,86,0% (0/0),0% (0/0),0% (0/0),"[{""height"":208,""label"":""No Need to Do this Label"",""left"":143,""top"":392,""width"":415}]",683,1024,,
33BFF6QPJ4TKFLSO24U9C3H8ZE63WJ,3PUZG2R74V2U9P5Q09H0HOOQ4PV459,Draw a bounding box around 1 item (2 cents):,Draw a bounding box around 1 item (2 cents):,1 bounding box,$0.02,Fri Nov 29 17:05:35 PST 2019,100,BatchId:3853201;OriginalHitTemplateId:928390838;,3600,86400,Sat Nov 30 17:05:35 PST 2019,336KAV9KYUA15SPY373U3ASLAQOY26,AB7EPYZDNM1EE,Submitted,Fri Nov 29 17:15:10 PST 2019,Fri Nov 29 17:15:43 PST 2019,Sat Nov 30 17:15:43 PST 2019,33,0% (0/0),0% (0/0),0% (0/0),"[{""height"":152,""label"":""No Need to Do this Label"",""left"":135,""top"":428,""width"":411}]",683,1024,,
33BFF6QPJ4TKFLSO24U9C3H8ZE63WJ,3PUZG2R74V2U9P5Q09H0HOOQ4PV459,Draw a bounding box around 1 item (2 cents):,Draw a bounding box around 1 item (2 cents):,1 bounding box,$0.02,Fri Nov 29 17:05:35 PST 2019,100,BatchId:3853201;OriginalHitTemplateId:928390838;,3600,86400,Sat Nov 30 17:05:35 PST 2019,336KAV9KYUA15SPY373U3ASLAQQ2YC,A4QJIB68MBB30,Submitted,Fri Nov 29 17:32:00 PST 2019,Fri Nov 29 17:34:35 PST 2019,Sat Nov 30 17:34:35 PST 2019,155,0% (0/0),0% (0/0),0% (0/0),"[{""height"":155,""label"":""No Need to Do this Label"",""left"":145,""top"":425,""width"":401}]",683,1024,,
33BFF6QPJ4TKFLSO24U9C3H8ZE63WJ,3PUZG2R74V2U9P5Q09H0HOOQ4PV459,Draw a bounding box around 1 item (2 cents):,Draw a bounding box around 1 item (2 cents):,1 bounding box,$0.02,Fri Nov 29 17:05:35 PST 2019,100,BatchId:3853201;OriginalHitTemplateId:928390838;,3600,86400,Sat Nov 30 17:05:35 PST 2019,339ANSOTR9KAW8EJOVNVHIKR17DKI9,A1J4RYSJWKHS8U,Submitted,Fri Nov 29 17:15:33 PST 2019,Fri Nov 29 17:16:08 PST 2019,Sat Nov 30 17:16:08 PST 2019,35,0% (0/0),0% (0/0),0% (0/0),"[{""height"":159,""label"":""No Need to Do this Label"",""left"":143,""top"":424,""width"":402}]",683,1024,,
33BFF6QPJ4TKFLSO24U9C3H8ZE63WJ,3PUZG2R74V2U9P5Q09H0HOOQ4PV459,Draw a bounding box around 1 item (2 cents):,Draw a bounding box around 1 item (2 cents):,1 bounding box,$0.02,Fri Nov 29 17:05:35 PST 2019,100,BatchId:3853201;OriginalHitTemplateId:928390838;,3600,86400,Sat Nov 30 17:05:35 PST 2019,33F859I56AV97AZ5C0SHI30ME0RHBV,A96QCLO0BNB3R,Submitted,Fri Nov 29 18:30:28 PST 2019,Fri Nov 29 18:31:23 PST 2019,Sat Nov 30 18:31:23 PST 2019,55,0% (0/0),0% (0/0),0% (0/0),"[{""height"":156,""label"":""No Need to Do this Label"",""left"":144,""top"":425,""width"":400}]",683,1024,,
33BFF6QPJ4TKFLSO24U9C3H8ZE63WJ,3PUZG2R74V2U9P5Q09H0HOOQ4PV459,Draw a bounding box around 1 item (2 cents):,Draw a bounding box around 1 item (2 cents):,1 bounding box,$0.02,Fri Nov 29 17:05:35 PST 2019,100,BatchId:3853201;OriginalHitTemplateId:928390838;,3600,86400,Sat Nov 30 17:05:35 PST 2019,33FBRBDW6SHZO4QINWU6GAD5T218CE,A19AGK07RP4KT4,Submitted,Fri Nov 29 18:11:56 PST 2019,Fri Nov 29 18:12:25 PST 2019,Sat Nov 30 18:12:25 PST 2019,29,0% (0/0),0% (0/0),0% (0/0),"[{""height"":149,""label"":""No Need to Do this Label"",""left"":143,""top"":427,""width"":403}]",683,1024,,
33BFF6QPJ4TKFLSO24U9C3H8ZE63WJ,3PUZG2R74V2U9P5Q09H0HOOQ4PV459,Draw a bounding box around 1 item (2 cents):,Draw a bounding box around 1 item (2 cents):,1 bounding box,$0.02,Fri Nov 29 17:05:35 PST 2019,100,BatchId:3853201;OriginalHitTemplateId:928390838;,3600,86400,Sat Nov 30 17:05:35 PST 2019,33M4IA01QKJT97G9D1WTL4TKKCCXRG,AVOHJMTVSDC5D,Submitted,Fri Nov 29 18:02:24 PST 2019,Fri Nov 29 18:04:26 PST 2019,Sat Nov 30 18:04:26 PST 2019,122,0% (0/0),0% (0/0),0% (0/0),"[{""height"":155,""label"":""No Need to Do this Label"",""left"":145,""top"":426,""width"":398}]",683,1024,,
33BFF6QPJ4TKFLSO24U9C3H8ZE63WJ,3PUZG2R74V2U9P5Q09H0HOOQ4PV459,Draw a bounding box around 1 item (2 cents):,Draw a bounding box around 1 item (2 cents):,1 bounding box,$0.02,Fri Nov 29 17:05:35 PST 2019,100,BatchId:3853201;OriginalHitTemplateId:928390838;,3600,86400,Sat Nov 30 17:05:35 PST 2019,33SA9F9TR1CPB36EHQG7KEGUWLFEWQ,AB6VY5CRJYCTO,Submitted,Fri Nov 29 17:12:59 PST 2019,Fri Nov 29 17:15:15 PST 2019,Sat Nov 30 17:15:15 PST 2019,136,0% (0/0),0% (0/0),0% (0/0),"[{""height"":154,""label"":""No Need to Do this Label"",""left"":145,""top"":426,""width"":399}]",683,1024,,
33BFF6QPJ4TKFLSO24U9C3H8ZE63WJ,3PUZG2R74V2U9P5Q09H0HOOQ4PV459,Draw a bounding box around 1 item (2 cents):,Draw a bounding box around 1 item (2 cents):,1 bounding box,$0.02,Fri Nov 29 17:05:35 PST 2019,100,BatchId:3853201;OriginalHitTemplateId:928390838;,3600,86400,Sat Nov 30 17:05:35 PST 2019,34PGFRQONSTXMJS6VRRYHUTM1TCJWH,A1NZ4BJK085UI7,Submitted,Fri Nov 29 17:47:41 PST 2019,Fri Nov 29 17:48:48 PST 2019,Sat Nov 30 17:48:48 PST 2019,67,0% (0/0),0% (0/0),0% (0/0),"[{""height"":157,""label"":""No Need to Do this Label"",""left"":144,""top"":426,""width"":399}]",683,1024,,
33BFF6QPJ4TKFLSO24U9C3H8ZE63WJ,3PUZG2R74V2U9P5Q09H0HOOQ4PV459,Draw a bounding box around 1 item (2 cents):,Draw a bounding box around 1 item (2 cents):,1 bounding box,$0.02,Fri Nov 29 17:05:35 PST 2019,100,BatchId:3853201;OriginalHitTemplateId:928390838;,3600,86400,Sat Nov 30 17:05:35 PST 2019,351SEKWQS4ZOELY0HTZ05YWIY70DM5,AD1ILDUXZHASF,Submitted,Fri Nov 29 17:15:40 PST 2019,Fri Nov 29 17:16:16 PST 2019,Sat Nov 30 17:16:16 PST 2019,36,0% (0/0),0% (0/0),0% (0/0),"[{""height"":162,""label"":""No Need to Do this Label"",""left"":136,""top"":422,""width"":415}]",683,1024,,
33BFF6QPJ4TKFLSO24U9C3H8ZE63WJ,3PUZG2R74V2U9P5Q09H0HOOQ4PV459,Draw a bounding box around 1 item (2 cents):,Draw a bounding box around 1 item (2 cents):,1 bounding box,$0.02,Fri Nov 29 17:05:35 PST 2019,100,BatchId:3853201;OriginalHitTemplateId:928390838;,3600,86400,Sat Nov 30 17:05:35 PST 2019,351SEKWQS4ZOELY0HTZ05YWIY76DMB,A2UON3BX83225C,Submitted,Fri Nov 29 19:52:18 PST 2019,Fri Nov 29 19:54:06 PST 2019,Sat Nov 30 19:54:06 PST 2019,108,0% (0/0),0% (0/0),0% (0/0),"[{""height"":7,""label"":""No Need to Do this Label"",""left"":549,""top"":595,""width"":10},{""height"":12,""label"":""No Need to Do this Label"",""left"":546,""top"":599,""width"":19},{""height"":20,""label"":""No Need to Do this Label"",""left"":553,""top"":595,""width"":35},{""height"":54,""label"":""No Need to Do this Label"",""left"":556,""top"":573,""width"":38},{""height"":137,""label"":""No Need to Do this Label"",""left"":155,""top"":429,""width"":394}]",683,1024,,
33BFF6QPJ4TKFLSO24U9C3H8ZE63WJ,3PUZG2R74V2U9P5Q09H0HOOQ4PV459,Draw a bounding box around 1 item (2 cents):,Draw a bounding box around 1 item (2 cents):,1 bounding box,$0.02,Fri Nov 29 17:05:35 PST 2019,100,BatchId:3853201;OriginalHitTemplateId:928390838;,3600,86400,Sat Nov 30 17:05:35 PST 2019,3570Y55XZT1RKMX52MOJ5EMMK9TYGP,A34QVV6QUHYMST,Submitted,Fri Nov 29 17:06:09 PST 2019,Fri Nov 29 17:06:48 PST 2019,Sat Nov 30 17:06:48 PST 2019,39,0% (0/0),0% (0/0),0% (0/0),"[{""height"":201,""label"":""No Need to Do this Label"",""left"":129,""top"":393,""width"":431}]",683,1024,,
33BFF6QPJ4TKFLSO24U9C3H8ZE63WJ,3PUZG2R74V2U9P5Q09H0HOOQ4PV459,Draw a bounding box around 1 item (2 cents):,Draw a bounding box around 1 item (2 cents):,1 bounding box,$0.02,Fri Nov 29 17:05:35 PST 2019,100,BatchId:3853201;OriginalHitTemplateId:928390838;,3600,86400,Sat Nov 30 17:05:35 PST 2019,35H6S234SEIRL5YFF7A0IQB4VQN56F,A3PE2BF5KAEUQL,Submitted,Fri Nov 29 17:12:35 PST 2019,Fri Nov 29 17:14:45 PST 2019,Sat Nov 30 17:14:45 PST 2019,130,0% (0/0),0% (0/0),0% (0/0),"[{""height"":154,""label"":""No Need to Do this Label"",""left"":145,""top"":426,""width"":399}]",683,1024,,
33BFF6QPJ4TKFLSO24U9C3H8ZE63WJ,3PUZG2R74V2U9P5Q09H0HOOQ4PV459,Draw a bounding box around 1 item (2 cents):,Draw a bounding box around 1 item (2 cents):,1 bounding box,$0.02,Fri Nov 29 17:05:35 PST 2019,100,BatchId:3853201;OriginalHitTemplateId:928390838;,3600,86400,Sat Nov 30 17:05:35 PST 2019,36NEMU28XJVNNRYRYO4QXML35N8WMZ,A16133KD0TSYYI,Submitted,Fri Nov 29 18:27:57 PST 2019,Fri Nov 29 18:29:53 PST 2019,Sat Nov 30 18:29:53 PST 2019,116,0% (0/0),0% (0/0),0% (0/0),"[{""height"":153,""label"":""No Need to Do this Label"",""left"":143,""top"":426,""width"":397}]",683,1024,,
33BFF6QPJ4TKFLSO24U9C3H8ZE63WJ,3PUZG2R74V2U9P5Q09H0HOOQ4PV459,Draw a bounding box around 1 item (2 cents):,Draw a bounding box around 1 item (2 cents):,1 bounding box,$0.02,Fri Nov 29 17:05:35 PST 2019,100,BatchId:3853201;OriginalHitTemplateId:928390838;,3600,86400,Sat Nov 30 17:05:35 PST 2019,36PW28KO43ES4Q3BGLKF2PJ342DAEC,A25JN5S896UMA5,Submitted,Fri Nov 29 17:33:54 PST 2019,Fri Nov 29 17:34:52 PST 2019,Sat Nov 30 17:34:52 PST 2019,58,0% (0/0),0% (0/0),0% (0/0),"[{""height"":144,""label"":""No Need to Do this Label"",""left"":148,""top"":435,""width"":395}]",683,1024,,
33BFF6QPJ4TKFLSO24U9C3H8ZE63WJ,3PUZG2R74V2U9P5Q09H0HOOQ4PV459,Draw a bounding box around 1 item (2 cents):,Draw a bounding box around 1 item (2 cents):,1 bounding box,$0.02,Fri Nov 29 17:05:35 PST 2019,100,BatchId:3853201;OriginalHitTemplateId:928390838;,3600,86400,Sat Nov 30 17:05:35 PST 2019,373ERPL3YSQMSQ7P8RVWW18E7GNTRS,A27B3C18KT7RA,Submitted,Fri Nov 29 17:24:08 PST 2019,Fri Nov 29 18:00:05 PST 2019,Sat Nov 30 18:00:05 PST 2019,2157,0% (0/0),0% (0/0),0% (0/0),"[{""height"":141,""label"":""No Need to Do this Label"",""left"":142,""top"":428,""width"":408}]",683,1024,,
33BFF6QPJ4TKFLSO24U9C3H8ZE63WJ,3PUZG2R74V2U9P5Q09H0HOOQ4PV459,Draw a bounding box around 1 item (2 cents):,Draw a bounding box around 1 item (2 cents):,1 bounding box,$0.02,Fri Nov 29 17:05:35 PST 2019,100,BatchId:3853201;OriginalHitTemplateId:928390838;,3600,86400,Sat Nov 30 17:05:35 PST 2019,379J5II41SY909UFDC95B3ZEYECELY,A13WYZ8AXD6ODX,Submitted,Fri Nov 29 17:43:05 PST 2019,Fri Nov 29 17:43:46 PST 2019,Sat Nov 30 17:43:46 PST 2019,41,0% (0/0),0% (0/0),0% (0/0),"[{""height"":147,""label"":""No Need to Do this Label"",""left"":144,""top"":426,""width"":396}]",683,1024,,
33BFF6QPJ4TKFLSO24U9C3H8ZE63WJ,3PUZG2R74V2U9P5Q09H0HOOQ4PV459,Draw a bounding box around 1 item (2 cents):,Draw a bounding box around 1 item (2 cents):,1 bounding box,$0.02,Fri Nov 29 17:05:35 PST 2019,100,BatchId:3853201;OriginalHitTemplateId:928390838;,3600,86400,Sat Nov 30 17:05:35 PST 2019,37C0GNLMHJLMPID8UDSJG2ZW87ND6X,A3T4S9WJRN97IV,Submitted,Fri Nov 29 18:05:51 PST 2019,Fri Nov 29 18:06:32 PST 2019,Sat Nov 30 18:06:32 PST 2019,41,0% (0/0),0% (0/0),0% (0/0),"[{""height"":154,""label"":""No Need to Do this Label"",""left"":137,""top"":426,""width"":415}]",683,1024,,
33BFF6QPJ4TKFLSO24U9C3H8ZE63WJ,3PUZG2R74V2U9P5Q09H0HOOQ4PV459,Draw a bounding box around 1 item (2 cents):,Draw a bounding box around 1 item (2 cents):,1 bounding box,$0.02,Fri Nov 29 17:05:35 PST 2019,100,BatchId:3853201;OriginalHitTemplateId:928390838;,3600,86400,Sat Nov 30 17:05:35 PST 2019,37XITHEIS0R5695EM5067R8AJUNCRS,A3FJHVTEPEQAET,Submitted,Fri Nov 29 17:12:05 PST 2019,Fri Nov 29 17:12:26 PST 2019,Sat Nov 30 17:12:26 PST 2019,21,0% (0/0),0% (0/0),0% (0/0),"[{""height"":169,""label"":""No Need to Do this Label"",""left"":125,""top"":419,""width"":432}]",683,1024,,
33BFF6QPJ4TKFLSO24U9C3H8ZE63WJ,3PUZG2R74V2U9P5Q09H0HOOQ4PV459,Draw a bounding box around 1 item (2 cents):,Draw a bounding box around 1 item (2 cents):,1 bounding box,$0.02,Fri Nov 29 17:05:35 PST 2019,100,BatchId:3853201;OriginalHitTemplateId:928390838;,3600,86400,Sat Nov 30 17:05:35 PST 2019,37XITHEIS0R5695EM5067R8AJUPCRU,A2KJ983WWTEK4L,Submitted,Fri Nov 29 18:00:58 PST 2019,Fri Nov 29 18:01:46 PST 2019,Sat Nov 30 18:01:46 PST 2019,48,0% (0/0),0% (0/0),0% (0/0),"[{""height"":155,""label"":""No Need to Do this Label"",""left"":145,""top"":432,""width"":399}]",683,1024,,
33BFF6QPJ4TKFLSO24U9C3H8ZE63WJ,3PUZG2R74V2U9P5Q09H0HOOQ4PV459,Draw a bounding box around 1 item (2 cents):,Draw a bounding box around 1 item (2 cents):,1 bounding box,$0.02,Fri Nov 29 17:05:35 PST 2019,100,BatchId:3853201;OriginalHitTemplateId:928390838;,3600,86400,Sat Nov 30 17:05:35 PST 2019,38F5OAUN5RUM5YWFZJG1D1EQVAYH77,A37T9EPVNVP94Z,Submitted,Fri Nov 29 17:23:41 PST 2019,Fri Nov 29 17:28:31 PST 2019,Sat Nov 30 17:28:31 PST 2019,290,0% (0/0),0% (0/0),0% (0/0),[],683,1024,,
33BFF6QPJ4TKFLSO24U9C3H8ZE63WJ,3PUZG2R74V2U9P5Q09H0HOOQ4PV459,Draw a bounding box around 1 item (2 cents):,Draw a bounding box around 1 item (2 cents):,1 bounding box,$0.02,Fri Nov 29 17:05:35 PST 2019,100,BatchId:3853201;OriginalHitTemplateId:928390838;,3600,86400,Sat Nov 30 17:05:35 PST 2019,39GAF6DQWVIDCDCXFSGWRSEM03BV1G,A2FCL64LIYCWOE,Submitted,Fri Nov 29 18:38:53 PST 2019,Fri Nov 29 18:43:30 PST 2019,Sat Nov 30 18:43:30 PST 2019,277,0% (0/0),0% (0/0),0% (0/0),"[{""height"":147,""label"":""No Need to Do this Label"",""left"":146,""top"":432,""width"":397}]",683,1024,,
33BFF6QPJ4TKFLSO24U9C3H8ZE63WJ,3PUZG2R74V2U9P5Q09H0HOOQ4PV459,Draw a bounding box around 1 item (2 cents):,Draw a bounding box around 1 item (2 cents):,1 bounding box,$0.02,Fri Nov 29 17:05:35 PST 2019,100,BatchId:3853201;OriginalHitTemplateId:928390838;,3600,86400,Sat Nov 30 17:05:35 PST 2019,39N5ACM9HI5IWYIWXTMQ067NCRXP9X,A2FW09VDPEKRHS,Submitted,Fri Nov 29 17:48:42 PST 2019,Fri Nov 29 17:49:59 PST 2019,Sat Nov 30 17:49:59 PST 2019,77,0% (0/0),0% (0/0),0% (0/0),"[{""height"":154,""label"":""No Need to Do this Label"",""left"":146,""top"":428,""width"":397}]",683,1024,,
33BFF6QPJ4TKFLSO24U9C3H8ZE63WJ,3PUZG2R74V2U9P5Q09H0HOOQ4PV459,Draw a bounding box around 1 item (2 cents):,Draw a bounding box around 1 item (2 cents):,1 bounding box,$0.02,Fri Nov 29 17:05:35 PST 2019,100,BatchId:3853201;OriginalHitTemplateId:928390838;,3600,86400,Sat Nov 30 17:05:35 PST 2019,39N5ACM9HI5IWYIWXTMQ067NCRY9PI,A3FCM5JHF95XCT,Submitted,Fri Nov 29 17:53:34 PST 2019,Fri Nov 29 17:55:30 PST 2019,Sat Nov 30 17:55:30 PST 2019,116,0% (0/0),0% (0/0),0% (0/0),"[{""height"":152,""label"":""No Need to Do this Label"",""left"":141,""top"":430,""width"":400}]",683,1024,,
33BFF6QPJ4TKFLSO24U9C3H8ZE63WJ,3PUZG2R74V2U9P5Q09H0HOOQ4PV459,Draw a bounding box around 1 item (2 cents):,Draw a bounding box around 1 item (2 cents):,1 bounding box,$0.02,Fri Nov 29 17:05:35 PST 2019,100,BatchId:3853201;OriginalHitTemplateId:928390838;,3600,86400,Sat Nov 30 17:05:35 PST 2019,3A1COHJ8NNDQ5C1Y9O87R1AL6U9H8Z,A1K6JQGEH2LE8X,Submitted,Fri Nov 29 19:42:58 PST 2019,Fri Nov 29 19:44:46 PST 2019,Sat Nov 30 19:44:46 PST 2019,108,0% (0/0),0% (0/0),0% (0/0),"[{""height"":152,""label"":""No Need to Do this Label"",""left"":144,""top"":426,""width"":399},{""height"":7,""label"":""No Need to Do this Label"",""left"":916,""top"":319,""width"":5}]",683,1024,,
33BFF6QPJ4TKFLSO24U9C3H8ZE63WJ,3PUZG2R74V2U9P5Q09H0HOOQ4PV459,Draw a bounding box around 1 item (2 cents):,Draw a bounding box around 1 item (2 cents):,1 bounding box,$0.02,Fri Nov 29 17:05:35 PST 2019,100,BatchId:3853201;OriginalHitTemplateId:928390838;,3600,86400,Sat Nov 30 17:05:35 PST 2019,3AQF3RZ55C0JN2R4LJN9422HKK36F1,A1FUWARMP40UX0,Submitted,Fri Nov 29 18:15:56 PST 2019,Fri Nov 29 18:18:16 PST 2019,Sat Nov 30 18:18:16 PST 2019,140,0% (0/0),0% (0/0),0% (0/0),"[{""height"":157,""label"":""No Need to Do this Label"",""left"":146,""top"":424,""width"":400}]",683,1024,,
33BFF6QPJ4TKFLSO24U9C3H8ZE63WJ,3PUZG2R74V2U9P5Q09H0HOOQ4PV459,Draw a bounding box around 1 item (2 cents):,Draw a bounding box around 1 item (2 cents):,1 bounding box,$0.02,Fri Nov 29 17:05:35 PST 2019,100,BatchId:3853201;OriginalHitTemplateId:928390838;,3600,86400,Sat Nov 30 17:05:35 PST 2019,3AWETUDC96A5L3D5OWQ54X845GQZIA,A1IIDRN4R3DZCK,Submitted,Fri Nov 29 17:25:40 PST 2019,Fri Nov 29 17:26:14 PST 2019,Sat Nov 30 17:26:14 PST 2019,34,0% (0/0),0% (0/0),0% (0/0),"[{""height"":160,""label"":""No Need to Do this Label"",""left"":152,""top"":424,""width"":393}]",683,1024,,
33BFF6QPJ4TKFLSO24U9C3H8ZE63WJ,3PUZG2R74V2U9P5Q09H0HOOQ4PV459,Draw a bounding box around 1 item (2 cents):,Draw a bounding box around 1 item (2 cents):,1 bounding box,$0.02,Fri Nov 29 17:05:35 PST 2019,100,BatchId:3853201;OriginalHitTemplateId:928390838;,3600,86400,Sat Nov 30 17:05:35 PST 2019,3B1NLC6UG3EXB854BZS0SNTAG4SPGO,A1PIFYLH5PAG6X,Submitted,Fri Nov 29 17:49:55 PST 2019,Fri Nov 29 17:50:40 PST 2019,Sat Nov 30 17:50:40 PST 2019,45,0% (0/0),0% (0/0),0% (0/0),"[{""height"":156,""label"":""No Need to Do this Label"",""left"":146,""top"":427,""width"":404}]",683,1024,,
33BFF6QPJ4TKFLSO24U9C3H8ZE63WJ,3PUZG2R74V2U9P5Q09H0HOOQ4PV459,Draw a bounding box around 1 item (2 cents):,Draw a bounding box around 1 item (2 cents):,1 bounding box,$0.02,Fri Nov 29 17:05:35 PST 2019,100,BatchId:3853201;OriginalHitTemplateId:928390838;,3600,86400,Sat Nov 30 17:05:35 PST 2019,3BDCF01OG1C76EB6DDLZI6RUGQFYLV,A1AZTE5W2MF1TU,Submitted,Fri Nov 29 17:06:56 PST 2019,Fri Nov 29 17:08:18 PST 2019,Sat Nov 30 17:08:18 PST 2019,82,0% (0/0),0% (0/0),0% (0/0),"[{""height"":155,""label"":""No Need to Do this Label"",""left"":145,""top"":425,""width"":399}]",683,1024,,
33BFF6QPJ4TKFLSO24U9C3H8ZE63WJ,3PUZG2R74V2U9P5Q09H0HOOQ4PV459,Draw a bounding box around 1 item (2 cents):,Draw a bounding box around 1 item (2 cents):,1 bounding box,$0.02,Fri Nov 29 17:05:35 PST 2019,100,BatchId:3853201;OriginalHitTemplateId:928390838;,3600,86400,Sat Nov 30 17:05:35 PST 2019,3BV8HQ2ZZ0JORBAWA31HQ1RQN4VA6X,A16UY7B49KYG48,Submitted,Fri Nov 29 20:12:48 PST 2019,Fri Nov 29 20:13:49 PST 2019,Sat Nov 30 20:13:49 PST 2019,61,0% (0/0),0% (0/0),0% (0/0),"[{""height"":157,""label"":""No Need to Do this Label"",""left"":146,""top"":428,""width"":400}]",683,1024,,
33BFF6QPJ4TKFLSO24U9C3H8ZE63WJ,3PUZG2R74V2U9P5Q09H0HOOQ4PV459,Draw a bounding box around 1 item (2 cents):,Draw a bounding box around 1 item (2 cents):,1 bounding box,$0.02,Fri Nov 29 17:05:35 PST 2019,100,BatchId:3853201;OriginalHitTemplateId:928390838;,3600,86400,Sat Nov 30 17:05:35 PST 2019,3C8HJ7UOPBCRHM3W9BOXWQFLMPDMZG,ATAI9GA3ZLFOZ,Submitted,Fri Nov 29 19:04:35 PST 2019,Fri Nov 29 19:06:38 PST 2019,Sat Nov 30 19:06:38 PST 2019,123,0% (0/0),0% (0/0),0% (0/0),"[{""height"":155,""label"":""No Need to Do this Label"",""left"":145,""top"":426,""width"":398}]",683,1024,,
33BFF6QPJ4TKFLSO24U9C3H8ZE63WJ,3PUZG2R74V2U9P5Q09H0HOOQ4PV459,Draw a bounding box around 1 item (2 cents):,Draw a bounding box around 1 item (2 cents):,1 bounding box,$0.02,Fri Nov 29 17:05:35 PST 2019,100,BatchId:3853201;OriginalHitTemplateId:928390838;,3600,86400,Sat Nov 30 17:05:35 PST 2019,3C8HJ7UOPBCRHM3W9BOXWQFLMPFZMV,A14307ETZEG3A8,Submitted,Fri Nov 29 19:44:28 PST 2019,Fri Nov 29 19:44:48 PST 2019,Sat Nov 30 19:44:48 PST 2019,20,0% (0/0),0% (0/0),0% (0/0),"[{""height"":150,""label"":""No Need to Do this Label"",""left"":123,""top"":426,""width"":434}]",683,1024,,
33BFF6QPJ4TKFLSO24U9C3H8ZE63WJ,3PUZG2R74V2U9P5Q09H0HOOQ4PV459,Draw a bounding box around 1 item (2 cents):,Draw a bounding box around 1 item (2 cents):,1 bounding box,$0.02,Fri Nov 29 17:05:35 PST 2019,100,BatchId:3853201;OriginalHitTemplateId:928390838;,3600,86400,Sat Nov 30 17:05:35 PST 2019,3CN4LGXD516B864L7LMIWPPJU4PY47,A35SGT33XSRZU3,Submitted,Fri Nov 29 19:37:39 PST 2019,Fri Nov 29 19:39:39 PST 2019,Sat Nov 30 19:39:39 PST 2019,120,0% (0/0),0% (0/0),0% (0/0),"[{""height"":155,""label"":""No Need to Do this Label"",""left"":145,""top"":426,""width"":398}]",683,1024,,
33BFF6QPJ4TKFLSO24U9C3H8ZE63WJ,3PUZG2R74V2U9P5Q09H0HOOQ4PV459,Draw a bounding box around 1 item (2 cents):,Draw a bounding box around 1 item (2 cents):,1 bounding box,$0.02,Fri Nov 29 17:05:35 PST 2019,100,BatchId:3853201;OriginalHitTemplateId:928390838;,3600,86400,Sat Nov 30 17:05:35 PST 2019,3DQQ64TANK3T8UV4Q4WIEQFYASMPWR,A11IXNHDZWA9FG,Submitted,Fri Nov 29 19:45:13 PST 2019,Fri Nov 29 19:46:23 PST 2019,Sat Nov 30 19:46:23 PST 2019,70,0% (0/0),0% (0/0),0% (0/0),"[{""height"":148,""label"":""No Need to Do this Label"",""left"":138,""top"":429,""width"":410}]",683,1024,,
33BFF6QPJ4TKFLSO24U9C3H8ZE63WJ,3PUZG2R74V2U9P5Q09H0HOOQ4PV459,Draw a bounding box around 1 item (2 cents):,Draw a bounding box around 1 item (2 cents):,1 bounding box,$0.02,Fri Nov 29 17:05:35 PST 2019,100,BatchId:3853201;OriginalHitTemplateId:928390838;,3600,86400,Sat Nov 30 17:05:35 PST 2019,3DR23U6WE9WXJM2KMLBWXU9VSRXET0,A22OYAQZRAWWMR,Submitted,Fri Nov 29 17:12:43 PST 2019,Fri Nov 29 17:13:42 PST 2019,Sat Nov 30 17:13:42 PST 2019,59,0% (0/0),0% (0/0),0% (0/0),"[{""height"":152,""label"":""No Need to Do this Label"",""left"":145,""top"":428,""width"":399}]",683,1024,,
33BFF6QPJ4TKFLSO24U9C3H8ZE63WJ,3PUZG2R74V2U9P5Q09H0HOOQ4PV459,Draw a bounding box around 1 item (2 cents):,Draw a bounding box around 1 item (2 cents):,1 bounding box,$0.02,Fri Nov 29 17:05:35 PST 2019,100,BatchId:3853201;OriginalHitTemplateId:928390838;,3600,86400,Sat Nov 30 17:05:35 PST 2019,3DY4FPOOA5615IBEDMVBXJWZ412RV5,A1LJNQX4KBUXNP,Submitted,Fri Nov 29 17:08:56 PST 2019,Fri Nov 29 17:11:02 PST 2019,Sat Nov 30 17:11:02 PST 2019,126,0% (0/0),0% (0/0),0% (0/0),"[{""height"":160,""label"":""No Need to Do this Label"",""left"":143,""top"":423,""width"":403}]",683,1024,,
33BFF6QPJ4TKFLSO24U9C3H8ZE63WJ,3PUZG2R74V2U9P5Q09H0HOOQ4PV459,Draw a bounding box around 1 item (2 cents):,Draw a bounding box around 1 item (2 cents):,1 bounding box,$0.02,Fri Nov 29 17:05:35 PST 2019,100,BatchId:3853201;OriginalHitTemplateId:928390838;,3600,86400,Sat Nov 30 17:05:35 PST 2019,3EFE17QCRGN8OWG7NMEC8SAMIOCSH6,A3QDDIWTGHQSLI,Submitted,Fri Nov 29 18:04:08 PST 2019,Fri Nov 29 18:06:34 PST 2019,Sat Nov 30 18:06:34 PST 2019,146,0% (0/0),0% (0/0),0% (0/0),"[{""height"":155,""label"":""No Need to Do this Label"",""left"":142,""top"":428,""width"":404}]",683,1024,,
33BFF6QPJ4TKFLSO24U9C3H8ZE63WJ,3PUZG2R74V2U9P5Q09H0HOOQ4PV459,Draw a bounding box around 1 item (2 cents):,Draw a bounding box around 1 item (2 cents):,1 bounding box,$0.02,Fri Nov 29 17:05:35 PST 2019,100,BatchId:3853201;OriginalHitTemplateId:928390838;,3600,86400,Sat Nov 30 17:05:35 PST 2019,3FPRZHYEP2P9MGQC2WUFFLTJYNN3VE,A20MZTV1AZYV9Z,Submitted,Fri Nov 29 17:06:10 PST 2019,Fri Nov 29 17:07:26 PST 2019,Sat Nov 30 17:07:26 PST 2019,76,0% (0/0),0% (0/0),0% (0/0),"[{""height"":158,""label"":""No Need to Do this Label"",""left"":134,""top"":419,""width"":413}]",683,1024,,
33BFF6QPJ4TKFLSO24U9C3H8ZE63WJ,3PUZG2R74V2U9P5Q09H0HOOQ4PV459,Draw a bounding box around 1 item (2 cents):,Draw a bounding box around 1 item (2 cents):,1 bounding box,$0.02,Fri Nov 29 17:05:35 PST 2019,100,BatchId:3853201;OriginalHitTemplateId:928390838;,3600,86400,Sat Nov 30 17:05:35 PST 2019,3GD6L00D3WFUMQIO10F54WV99AXM1O,A2Z24L0PN1ZG3B,Submitted,Fri Nov 29 17:22:52 PST 2019,Fri Nov 29 17:28:10 PST 2019,Sat Nov 30 17:28:10 PST 2019,318,0% (0/0),0% (0/0),0% (0/0),"[{""height"":154,""label"":""No Need to Do this Label"",""left"":145,""top"":426,""width"":398}]",683,1024,,
33BFF6QPJ4TKFLSO24U9C3H8ZE63WJ,3PUZG2R74V2U9P5Q09H0HOOQ4PV459,Draw a bounding box around 1 item (2 cents):,Draw a bounding box around 1 item (2 cents):,1 bounding box,$0.02,Fri Nov 29 17:05:35 PST 2019,100,BatchId:3853201;OriginalHitTemplateId:928390838;,3600,86400,Sat Nov 30 17:05:35 PST 2019,3GFK2QRXXDZPFKDL6PN4GKAHJSJ5WJ,A3LTZ8MO60ENI3,Submitted,Fri Nov 29 18:53:03 PST 2019,Fri Nov 29 18:53:26 PST 2019,Sat Nov 30 18:53:26 PST 2019,23,0% (0/0),0% (0/0),0% (0/0),"[{""height"":157,""label"":""No Need to Do this Label"",""left"":138,""top"":424,""width"":414}]",683,1024,,
33BFF6QPJ4TKFLSO24U9C3H8ZE63WJ,3PUZG2R74V2U9P5Q09H0HOOQ4PV459,Draw a bounding box around 1 item (2 cents):,Draw a bounding box around 1 item (2 cents):,1 bounding box,$0.02,Fri Nov 29 17:05:35 PST 2019,100,BatchId:3853201;OriginalHitTemplateId:928390838;,3600,86400,Sat Nov 30 17:05:35 PST 2019,3GLB5JMZF1DOMB2E6Q15STCL2LRDG0,A25UNMDLC3XGQQ,Submitted,Fri Nov 29 18:51:04 PST 2019,Fri Nov 29 19:05:55 PST 2019,Sat Nov 30 19:05:55 PST 2019,891,0% (0/0),0% (0/0),0% (0/0),"[{""height"":156,""label"":""No Need to Do this Label"",""left"":138,""top"":426,""width"":408}]",683,1024,,
33BFF6QPJ4TKFLSO24U9C3H8ZE63WJ,3PUZG2R74V2U9P5Q09H0HOOQ4PV459,Draw a bounding box around 1 item (2 cents):,Draw a bounding box around 1 item (2 cents):,1 bounding box,$0.02,Fri Nov 29 17:05:35 PST 2019,100,BatchId:3853201;OriginalHitTemplateId:928390838;,3600,86400,Sat Nov 30 17:05:35 PST 2019,3H8DHMCCWDTTOXYXWHMKQL4E926KD8,A3K6LZAQZOAPB2,Submitted,Fri Nov 29 17:50:22 PST 2019,Fri Nov 29 17:50:41 PST 2019,Sat Nov 30 17:50:41 PST 2019,19,0% (0/0),0% (0/0),0% (0/0),"[{""height"":160,""label"":""No Need to Do this Label"",""left"":140,""top"":425,""width"":403}]",683,1024,,
33BFF6QPJ4TKFLSO24U9C3H8ZE63WJ,3PUZG2R74V2U9P5Q09H0HOOQ4PV459,Draw a bounding box around 1 item (2 cents):,Draw a bounding box around 1 item (2 cents):,1 bounding box,$0.02,Fri Nov 29 17:05:35 PST 2019,100,BatchId:3853201;OriginalHitTemplateId:928390838;,3600,86400,Sat Nov 30 17:05:35 PST 2019,3HMVI3QICNAUG772K33GYRIGIKB1YT,A24H9XZ7OE8WMW,Submitted,Fri Nov 29 17:10:08 PST 2019,Fri Nov 29 17:11:46 PST 2019,Sat Nov 30 17:11:46 PST 2019,98,0% (0/0),0% (0/0),0% (0/0),"[{""height"":157,""label"":""No Need to Do this Label"",""left"":143,""top"":425,""width"":402}]",683,1024,,
33BFF6QPJ4TKFLSO24U9C3H8ZE63WJ,3PUZG2R74V2U9P5Q09H0HOOQ4PV459,Draw a bounding box around 1 item (2 cents):,Draw a bounding box around 1 item (2 cents):,1 bounding box,$0.02,Fri Nov 29 17:05:35 PST 2019,100,BatchId:3853201;OriginalHitTemplateId:928390838;,3600,86400,Sat Nov 30 17:05:35 PST 2019,3HVVDCPGTIAVPRJBMMNQ4X1BA31TYT,A4QDCBGN79832,Submitted,Fri Nov 29 17:06:38 PST 2019,Fri Nov 29 17:07:53 PST 2019,Sat Nov 30 17:07:53 PST 2019,75,0% (0/0),0% (0/0),0% (0/0),"[{""height"":159,""label"":""No Need to Do this Label"",""left"":137,""top"":424,""width"":412}]",683,1024,,
33BFF6QPJ4TKFLSO24U9C3H8ZE63WJ,3PUZG2R74V2U9P5Q09H0HOOQ4PV459,Draw a bounding box around 1 item (2 cents):,Draw a bounding box around 1 item (2 cents):,1 bounding box,$0.02,Fri Nov 29 17:05:35 PST 2019,100,BatchId:3853201;OriginalHitTemplateId:928390838;,3600,86400,Sat Nov 30 17:05:35 PST 2019,3I02618YA4OGGQ6ZV4HHW2U1PC7UPT,A3FUQGXYEDM0HZ,Submitted,Fri Nov 29 17:55:53 PST 2019,Fri Nov 29 17:57:42 PST 2019,Sat Nov 30 17:57:42 PST 2019,109,0% (0/0),0% (0/0),0% (0/0),"[{""height"":152,""label"":""No Need to Do this Label"",""left"":143,""top"":428,""width"":402}]",683,1024,,
33BFF6QPJ4TKFLSO24U9C3H8ZE63WJ,3PUZG2R74V2U9P5Q09H0HOOQ4PV459,Draw a bounding box around 1 item (2 cents):,Draw a bounding box around 1 item (2 cents):,1 bounding box,$0.02,Fri Nov 29 17:05:35 PST 2019,100,BatchId:3853201;OriginalHitTemplateId:928390838;,3600,86400,Sat Nov 30 17:05:35 PST 2019,3I3WADAZ9UMHAB4JF3WUZQXVGQLO5R,A3OVKW5VUN8B8N,Submitted,Fri Nov 29 19:17:20 PST 2019,Fri Nov 29 19:19:11 PST 2019,Sat Nov 30 19:19:11 PST 2019,111,0% (0/0),0% (0/0),0% (0/0),"[{""height"":155,""label"":""No Need to Do this Label"",""left"":145,""top"":426,""width"":399}]",683,1024,,
33BFF6QPJ4TKFLSO24U9C3H8ZE63WJ,3PUZG2R74V2U9P5Q09H0HOOQ4PV459,Draw a bounding box around 1 item (2 cents):,Draw a bounding box around 1 item (2 cents):,1 bounding box,$0.02,Fri Nov 29 17:05:35 PST 2019,100,BatchId:3853201;OriginalHitTemplateId:928390838;,3600,86400,Sat Nov 30 17:05:35 PST 2019,3IRIK4HM3E2CKQ7UUHX8WWHEN7D6CS,A3KDHEAVP4AU3L,Submitted,Fri Nov 29 19:15:11 PST 2019,Fri Nov 29 19:16:06 PST 2019,Sat Nov 30 19:16:06 PST 2019,55,0% (0/0),0% (0/0),0% (0/0),"[{""height"":157,""label"":""No Need to Do this Label"",""left"":138,""top"":425,""width"":407}]",683,1024,,
33BFF6QPJ4TKFLSO24U9C3H8ZE63WJ,3PUZG2R74V2U9P5Q09H0HOOQ4PV459,Draw a bounding box around 1 item (2 cents):,Draw a bounding box around 1 item (2 cents):,1 bounding box,$0.02,Fri Nov 29 17:05:35 PST 2019,100,BatchId:3853201;OriginalHitTemplateId:928390838;,3600,86400,Sat Nov 30 17:05:35 PST 2019,3IUZPWIU1SPSX3YODCRAI9TZGIBKWG,A3ACEM73CGY2PZ,Submitted,Fri Nov 29 17:17:24 PST 2019,Fri Nov 29 17:18:46 PST 2019,Sat Nov 30 17:18:46 PST 2019,82,0% (0/0),0% (0/0),0% (0/0),"[{""height"":151,""label"":""No Need to Do this Label"",""left"":146,""top"":428,""width"":397}]",683,1024,,
33BFF6QPJ4TKFLSO24U9C3H8ZE63WJ,3PUZG2R74V2U9P5Q09H0HOOQ4PV459,Draw a bounding box around 1 item (2 cents):,Draw a bounding box around 1 item (2 cents):,1 bounding box,$0.02,Fri Nov 29 17:05:35 PST 2019,100,BatchId:3853201;OriginalHitTemplateId:928390838;,3600,86400,Sat Nov 30 17:05:35 PST 2019,3IUZPWIU1SPSX3YODCRAI9TZGIBWKS,A21G010TCSMZZ8,Submitted,Fri Nov 29 17:26:27 PST 2019,Fri Nov 29 17:28:06 PST 2019,Sat Nov 30 17:28:06 PST 2019,99,0% (0/0),0% (0/0),0% (0/0),"[{""height"":154,""label"":""No Need to Do this Label"",""left"":145,""top"":430,""width"":403}]",683,1024,,
33BFF6QPJ4TKFLSO24U9C3H8ZE63WJ,3PUZG2R74V2U9P5Q09H0HOOQ4PV459,Draw a bounding box around 1 item (2 cents):,Draw a bounding box around 1 item (2 cents):,1 bounding box,$0.02,Fri Nov 29 17:05:35 PST 2019,100,BatchId:3853201;OriginalHitTemplateId:928390838;,3600,86400,Sat Nov 30 17:05:35 PST 2019,3KJYX6QCMDTK7US15HM2VSA8UK9VJI,A4DWWZWN1507K,Submitted,Fri Nov 29 17:20:23 PST 2019,Fri Nov 29 17:22:15 PST 2019,Sat Nov 30 17:22:15 PST 2019,112,0% (0/0),0% (0/0),0% (0/0),"[{""height"":155,""label"":""No Need to Do this Label"",""left"":145,""top"":427,""width"":397}]",683,1024,,
33BFF6QPJ4TKFLSO24U9C3H8ZE63WJ,3PUZG2R74V2U9P5Q09H0HOOQ4PV459,Draw a bounding box around 1 item (2 cents):,Draw a bounding box around 1 item (2 cents):,1 bounding box,$0.02,Fri Nov 29 17:05:35 PST 2019,100,BatchId:3853201;OriginalHitTemplateId:928390838;,3600,86400,Sat Nov 30 17:05:35 PST 2019,3KJYX6QCMDTK7US15HM2VSA8UKDJVA,A1VFZTD5WZ6RL6,Submitted,Fri Nov 29 19:26:47 PST 2019,Fri Nov 29 19:27:21 PST 2019,Sat Nov 30 19:27:21 PST 2019,34,0% (0/0),0% (0/0),0% (0/0),"[{""height"":158,""label"":""No Need to Do this Label"",""left"":142,""top"":426,""width"":406}]",683,1024,,
33BFF6QPJ4TKFLSO24U9C3H8ZE63WJ,3PUZG2R74V2U9P5Q09H0HOOQ4PV459,Draw a bounding box around 1 item (2 cents):,Draw a bounding box around 1 item (2 cents):,1 bounding box,$0.02,Fri Nov 29 17:05:35 PST 2019,100,BatchId:3853201;OriginalHitTemplateId:928390838;,3600,86400,Sat Nov 30 17:05:35 PST 2019,3KXIR214I8YL7LBEE0FNNLOEFPT24T,A37J4P6DFUQ2EV,Submitted,Fri Nov 29 18:35:45 PST 2019,Fri Nov 29 18:36:33 PST 2019,Sat Nov 30 18:36:33 PST 2019,48,0% (0/0),0% (0/0),0% (0/0),"[{""height"":156,""label"":""No Need to Do this Label"",""left"":143,""top"":426,""width"":399}]",683,1024,,
33BFF6QPJ4TKFLSO24U9C3H8ZE63WJ,3PUZG2R74V2U9P5Q09H0HOOQ4PV459,Draw a bounding box around 1 item (2 cents):,Draw a bounding box around 1 item (2 cents):,1 bounding box,$0.02,Fri Nov 29 17:05:35 PST 2019,100,BatchId:3853201;OriginalHitTemplateId:928390838;,3600,86400,Sat Nov 30 17:05:35 PST 2019,3L0KT67Y8IYUAR6WXMI0US5P8KOSY4,AHZ08BLAUVT5I,Submitted,Fri Nov 29 17:20:19 PST 2019,Fri Nov 29 17:22:22 PST 2019,Sat Nov 30 17:22:22 PST 2019,123,0% (0/0),0% (0/0),0% (0/0),"[{""height"":152,""label"":""No Need to Do this Label"",""left"":145,""top"":428,""width"":398}]",683,1024,,
33BFF6QPJ4TKFLSO24U9C3H8ZE63WJ,3PUZG2R74V2U9P5Q09H0HOOQ4PV459,Draw a bounding box around 1 item (2 cents):,Draw a bounding box around 1 item (2 cents):,1 bounding box,$0.02,Fri Nov 29 17:05:35 PST 2019,100,BatchId:3853201;OriginalHitTemplateId:928390838;,3600,86400,Sat Nov 30 17:05:35 PST 2019,3L2IS5HSFE0GD5UMFP4PSDP6PX6NUQ,A2HVCE3UU4F3PU,Submitted,Fri Nov 29 17:40:05 PST 2019,Fri Nov 29 17:46:54 PST 2019,Sat Nov 30 17:46:54 PST 2019,409,0% (0/0),0% (0/0),0% (0/0),"[{""height"":159,""label"":""No Need to Do this Label"",""left"":149,""top"":425,""width"":397}]",683,1024,,
33BFF6QPJ4TKFLSO24U9C3H8ZE63WJ,3PUZG2R74V2U9P5Q09H0HOOQ4PV459,Draw a bounding box around 1 item (2 cents):,Draw a bounding box around 1 item (2 cents):,1 bounding box,$0.02,Fri Nov 29 17:05:35 PST 2019,100,BatchId:3853201;OriginalHitTemplateId:928390838;,3600,86400,Sat Nov 30 17:05:35 PST 2019,3LOTDFNYABHHHH6AC10D2W1U8MYWFU,A2EN0PMH0SRFUK,Submitted,Fri Nov 29 19:26:39 PST 2019,Fri Nov 29 19:30:12 PST 2019,Sat Nov 30 19:30:12 PST 2019,213,0% (0/0),0% (0/0),0% (0/0),"[{""height"":155,""label"":""No Need to Do this Label"",""left"":145,""top"":425,""width"":398}]",683,1024,,
33BFF6QPJ4TKFLSO24U9C3H8ZE63WJ,3PUZG2R74V2U9P5Q09H0HOOQ4PV459,Draw a bounding box around 1 item (2 cents):,Draw a bounding box around 1 item (2 cents):,1 bounding box,$0.02,Fri Nov 29 17:05:35 PST 2019,100,BatchId:3853201;OriginalHitTemplateId:928390838;,3600,86400,Sat Nov 30 17:05:35 PST 2019,3LYA37P8IU50900DILVEVVGE6HWKB3,A14N7TK3CEQVAE,Submitted,Fri Nov 29 19:03:59 PST 2019,Fri Nov 29 19:05:22 PST 2019,Sat Nov 30 19:05:22 PST 2019,83,0% (0/0),0% (0/0),0% (0/0),"[{""height"":154,""label"":""No Need to Do this Label"",""left"":145,""top"":426,""width"":398}]",683,1024,,
33BFF6QPJ4TKFLSO24U9C3H8ZE63WJ,3PUZG2R74V2U9P5Q09H0HOOQ4PV459,Draw a bounding box around 1 item (2 cents):,Draw a bounding box around 1 item (2 cents):,1 bounding box,$0.02,Fri Nov 29 17:05:35 PST 2019,100,BatchId:3853201;OriginalHitTemplateId:928390838;,3600,86400,Sat Nov 30 17:05:35 PST 2019,3M81GAB8A41MK3Y8VQFBRHSN5NLQBY,A3343ON7H5UO3L,Submitted,Fri Nov 29 17:19:58 PST 2019,Fri Nov 29 17:20:41 PST 2019,Sat Nov 30 17:20:41 PST 2019,43,0% (0/0),0% (0/0),0% (0/0),"[{""height"":155,""label"":""No Need to Do this Label"",""left"":140,""top"":425,""width"":414}]",683,1024,,
33BFF6QPJ4TKFLSO24U9C3H8ZE63WJ,3PUZG2R74V2U9P5Q09H0HOOQ4PV459,Draw a bounding box around 1 item (2 cents):,Draw a bounding box around 1 item (2 cents):,1 bounding box,$0.02,Fri Nov 29 17:05:35 PST 2019,100,BatchId:3853201;OriginalHitTemplateId:928390838;,3600,86400,Sat Nov 30 17:05:35 PST 2019,3MHW492WW4VA82YM8EZUBK2PYE8VMQ,A3N5RTXKN4I723,Submitted,Fri Nov 29 19:33:40 PST 2019,Fri Nov 29 19:35:26 PST 2019,Sat Nov 30 19:35:26 PST 2019,106,0% (0/0),0% (0/0),0% (0/0),"[{""height"":153,""label"":""No Need to Do this Label"",""left"":140,""top"":429,""width"":403}]",683,1024,,
33BFF6QPJ4TKFLSO24U9C3H8ZE63WJ,3PUZG2R74V2U9P5Q09H0HOOQ4PV459,Draw a bounding box around 1 item (2 cents):,Draw a bounding box around 1 item (2 cents):,1 bounding box,$0.02,Fri Nov 29 17:05:35 PST 2019,100,BatchId:3853201;OriginalHitTemplateId:928390838;,3600,86400,Sat Nov 30 17:05:35 PST 2019,3MYYFCXHJ7PBMFJLDF0CPPIFP8YG4Q,A1RK4PGIIJGBQN,Submitted,Fri Nov 29 18:51:20 PST 2019,Fri Nov 29 18:51:36 PST 2019,Sat Nov 30 18:51:36 PST 2019,16,0% (0/0),0% (0/0),0% (0/0),"[{""height"":163,""label"":""No Need to Do this Label"",""left"":134,""top"":418,""width"":442}]",683,1024,,
33BFF6QPJ4TKFLSO24U9C3H8ZE63WJ,3PUZG2R74V2U9P5Q09H0HOOQ4PV459,Draw a bounding box around 1 item (2 cents):,Draw a bounding box around 1 item (2 cents):,1 bounding box,$0.02,Fri Nov 29 17:05:35 PST 2019,100,BatchId:3853201;OriginalHitTemplateId:928390838;,3600,86400,Sat Nov 30 17:05:35 PST 2019,3MYYFCXHJ7PBMFJLDF0CPPIFP8ZG4R,A3106HXUG1FAG6,Submitted,Fri Nov 29 19:16:17 PST 2019,Fri Nov 29 19:16:56 PST 2019,Sat Nov 30 19:16:56 PST 2019,39,0% (0/0),0% (0/0),0% (0/0),"[{""height"":150,""label"":""No Need to Do this Label"",""left"":155,""top"":429,""width"":390}]",683,1024,,
33BFF6QPJ4TKFLSO24U9C3H8ZE63WJ,3PUZG2R74V2U9P5Q09H0HOOQ4PV459,Draw a bounding box around 1 item (2 cents):,Draw a bounding box around 1 item (2 cents):,1 bounding box,$0.02,Fri Nov 29 17:05:35 PST 2019,100,BatchId:3853201;OriginalHitTemplateId:928390838;,3600,86400,Sat Nov 30 17:05:35 PST 2019,3NC5L260MS49C8X8LF93L2O85KYOF9,AFJRCF3071OCZ,Submitted,Fri Nov 29 19:01:13 PST 2019,Fri Nov 29 19:02:04 PST 2019,Sat Nov 30 19:02:04 PST 2019,51,0% (0/0),0% (0/0),0% (0/0),"[{""height"":166,""label"":""No Need to Do this Label"",""left"":154,""top"":413,""width"":395}]",683,1024,,
33BFF6QPJ4TKFLSO24U9C3H8ZE63WJ,3PUZG2R74V2U9P5Q09H0HOOQ4PV459,Draw a bounding box around 1 item (2 cents):,Draw a bounding box around 1 item (2 cents):,1 bounding box,$0.02,Fri Nov 29 17:05:35 PST 2019,100,BatchId:3853201;OriginalHitTemplateId:928390838;,3600,86400,Sat Nov 30 17:05:35 PST 2019,3NGMS9VZTP0F6VKFMCQDY8FUDJ4FFB,A1I191EFSS3UDR,Submitted,Fri Nov 29 17:15:47 PST 2019,Fri Nov 29 17:16:36 PST 2019,Sat Nov 30 17:16:36 PST 2019,49,0% (0/0),0% (0/0),0% (0/0),"[{""height"":147,""label"":""No Need to Do this Label"",""left"":149,""top"":432,""width"":394}]",683,1024,,
33BFF6QPJ4TKFLSO24U9C3H8ZE63WJ,3PUZG2R74V2U9P5Q09H0HOOQ4PV459,Draw a bounding box around 1 item (2 cents):,Draw a bounding box around 1 item (2 cents):,1 bounding box,$0.02,Fri Nov 29 17:05:35 PST 2019,100,BatchId:3853201;OriginalHitTemplateId:928390838;,3600,86400,Sat Nov 30 17:05:35 PST 2019,3NQL1CS15VQA2JN0RHN55FPW7OMVYG,A3T9WZOUQGE2UW,Submitted,Fri Nov 29 19:21:22 PST 2019,Fri Nov 29 19:21:58 PST 2019,Sat Nov 30 19:21:58 PST 2019,36,0% (0/0),0% (0/0),0% (0/0),"[{""height"":153,""label"":""No Need to Do this Label"",""left"":144,""top"":429,""width"":398}]",683,1024,,
33BFF6QPJ4TKFLSO24U9C3H8ZE63WJ,3PUZG2R74V2U9P5Q09H0HOOQ4PV459,Draw a bounding box around 1 item (2 cents):,Draw a bounding box around 1 item (2 cents):,1 bounding box,$0.02,Fri Nov 29 17:05:35 PST 2019,100,BatchId:3853201;OriginalHitTemplateId:928390838;,3600,86400,Sat Nov 30 17:05:35 PST 2019,3ON104KXQOE7J19LSK4UBS43JWL4WA,A3LI5YFVT45MOK,Submitted,Fri Nov 29 17:12:20 PST 2019,Fri Nov 29 17:16:05 PST 2019,Sat Nov 30 17:16:05 PST 2019,225,0% (0/0),0% (0/0),0% (0/0),"[{""height"":161,""label"":""No Need to Do this Label"",""left"":156,""top"":428,""width"":383}]",683,1024,,
33BFF6QPJ4TKFLSO24U9C3H8ZE63WJ,3PUZG2R74V2U9P5Q09H0HOOQ4PV459,Draw a bounding box around 1 item (2 cents):,Draw a bounding box around 1 item (2 cents):,1 bounding box,$0.02,Fri Nov 29 17:05:35 PST 2019,100,BatchId:3853201;OriginalHitTemplateId:928390838;,3600,86400,Sat Nov 30 17:05:35 PST 2019,3OS46CRSLJH8JZDULYSDMO538ESV6F,ARAAV1GIBXYWO,Submitted,Fri Nov 29 19:09:21 PST 2019,Fri Nov 29 19:11:52 PST 2019,Sat Nov 30 19:11:52 PST 2019,151,0% (0/0),0% (0/0),0% (0/0),"[{""height"":155,""label"":""No Need to Do this Label"",""left"":145,""top"":426,""width"":398}]",683,1024,,
33BFF6QPJ4TKFLSO24U9C3H8ZE63WJ,3PUZG2R74V2U9P5Q09H0HOOQ4PV459,Draw a bounding box around 1 item (2 cents):,Draw a bounding box around 1 item (2 cents):,1 bounding box,$0.02,Fri Nov 29 17:05:35 PST 2019,100,BatchId:3853201;OriginalHitTemplateId:928390838;,3600,86400,Sat Nov 30 17:05:35 PST 2019,3OSWBBLG1IFZ8XX4V019GFCG5BJXD8,A3OOD9IMOHPPFQ,Submitted,Fri Nov 29 17:11:39 PST 2019,Fri Nov 29 17:12:20 PST 2019,Sat Nov 30 17:12:20 PST 2019,41,0% (0/0),0% (0/0),0% (0/0),"[{""height"":168,""label"":""No Need to Do this Label"",""left"":137,""top"":423,""width"":407}]",683,1024,,
33BFF6QPJ4TKFLSO24U9C3H8ZE63WJ,3PUZG2R74V2U9P5Q09H0HOOQ4PV459,Draw a bounding box around 1 item (2 cents):,Draw a bounding box around 1 item (2 cents):,1 bounding box,$0.02,Fri Nov 29 17:05:35 PST 2019,100,BatchId:3853201;OriginalHitTemplateId:928390838;,3600,86400,Sat Nov 30 17:05:35 PST 2019,3PWWM24LHWGMQMYGQ3504X4JHBP280,A2AUPTA83COO9Z,Submitted,Fri Nov 29 18:36:14 PST 2019,Fri Nov 29 18:37:52 PST 2019,Sat Nov 30 18:37:52 PST 2019,98,0% (0/0),0% (0/0),0% (0/0),"[{""height"":155,""label"":""No Need to Do this Label"",""left"":144,""top"":426,""width"":403}]",683,1024,,
33BFF6QPJ4TKFLSO24U9C3H8ZE63WJ,3PUZG2R74V2U9P5Q09H0HOOQ4PV459,Draw a bounding box around 1 item (2 cents):,Draw a bounding box around 1 item (2 cents):,1 bounding box,$0.02,Fri Nov 29 17:05:35 PST 2019,100,BatchId:3853201;OriginalHitTemplateId:928390838;,3600,86400,Sat Nov 30 17:05:35 PST 2019,3QIYRE09Y7Z0483OD1U5HBK9E071N3,A2FQRQ277EFCTI,Submitted,Fri Nov 29 17:08:50 PST 2019,Fri Nov 29 17:09:54 PST 2019,Sat Nov 30 17:09:54 PST 2019,64,0% (0/0),0% (0/0),0% (0/0),"[{""height"":155,""label"":""No Need to Do this Label"",""left"":139,""top"":428,""width"":401}]",683,1024,,
33BFF6QPJ4TKFLSO24U9C3H8ZE63WJ,3PUZG2R74V2U9P5Q09H0HOOQ4PV459,Draw a bounding box around 1 item (2 cents):,Draw a bounding box around 1 item (2 cents):,1 bounding box,$0.02,Fri Nov 29 17:05:35 PST 2019,100,BatchId:3853201;OriginalHitTemplateId:928390838;,3600,86400,Sat Nov 30 17:05:35 PST 2019,3R2PKQ87N0Q5MWEM970BWVCVQCBMIJ,A2ASBOP6RG352M,Submitted,Fri Nov 29 19:03:31 PST 2019,Fri Nov 29 19:03:53 PST 2019,Sat Nov 30 19:03:53 PST 2019,22,0% (0/0),0% (0/0),0% (0/0),"[{""height"":197,""label"":""No Need to Do this Label"",""left"":121,""top"":392,""width"":438}]",683,1024,,
33BFF6QPJ4TKFLSO24U9C3H8ZE63WJ,3PUZG2R74V2U9P5Q09H0HOOQ4PV459,Draw a bounding box around 1 item (2 cents):,Draw a bounding box around 1 item (2 cents):,1 bounding box,$0.02,Fri Nov 29 17:05:35 PST 2019,100,BatchId:3853201;OriginalHitTemplateId:928390838;,3600,86400,Sat Nov 30 17:05:35 PST 2019,3RJSC4XJ14CW7UC0DIUJ9P1DIN1059,ABOZM7369UF24,Submitted,Fri Nov 29 17:14:31 PST 2019,Fri Nov 29 17:15:34 PST 2019,Sat Nov 30 17:15:34 PST 2019,63,0% (0/0),0% (0/0),0% (0/0),"[{""height"":153,""label"":""No Need to Do this Label"",""left"":145,""top"":425,""width"":400}]",683,1024,,
33BFF6QPJ4TKFLSO24U9C3H8ZE63WJ,3PUZG2R74V2U9P5Q09H0HOOQ4PV459,Draw a bounding box around 1 item (2 cents):,Draw a bounding box around 1 item (2 cents):,1 bounding box,$0.02,Fri Nov 29 17:05:35 PST 2019,100,BatchId:3853201;OriginalHitTemplateId:928390838;,3600,86400,Sat Nov 30 17:05:35 PST 2019,3SB4CE2TJZD1AQUSBQA7QE4AK8TAXQ,A35A8AVXUOYFQ8,Submitted,Fri Nov 29 19:52:26 PST 2019,Fri Nov 29 20:09:09 PST 2019,Sat Nov 30 20:09:09 PST 2019,1003,0% (0/0),0% (0/0),0% (0/0),"[{""height"":151,""label"":""No Need to Do this Label"",""left"":142,""top"":427,""width"":404}]",683,1024,,
33BFF6QPJ4TKFLSO24U9C3H8ZE63WJ,3PUZG2R74V2U9P5Q09H0HOOQ4PV459,Draw a bounding box around 1 item (2 cents):,Draw a bounding box around 1 item (2 cents):,1 bounding box,$0.02,Fri Nov 29 17:05:35 PST 2019,100,BatchId:3853201;OriginalHitTemplateId:928390838;,3600,86400,Sat Nov 30 17:05:35 PST 2019,3SNVL38CI8AJJ5SJWLR96FMWO2VKC9,A3J4QZVB7RJQ0U,Submitted,Fri Nov 29 18:32:58 PST 2019,Fri Nov 29 18:33:35 PST 2019,Sat Nov 30 18:33:35 PST 2019,37,0% (0/0),0% (0/0),0% (0/0),"[{""height"":156,""label"":""No Need to Do this Label"",""left"":148,""top"":429,""width"":397}]",683,1024,,
33BFF6QPJ4TKFLSO24U9C3H8ZE63WJ,3PUZG2R74V2U9P5Q09H0HOOQ4PV459,Draw a bounding box around 1 item (2 cents):,Draw a bounding box around 1 item (2 cents):,1 bounding box,$0.02,Fri Nov 29 17:05:35 PST 2019,100,BatchId:3853201;OriginalHitTemplateId:928390838;,3600,86400,Sat Nov 30 17:05:35 PST 2019,3SPJ033425L1BON6AS9M2RE2C1AYJT,A28JGET2XTPRG5,Submitted,Fri Nov 29 17:06:18 PST 2019,Fri Nov 29 17:07:05 PST 2019,Sat Nov 30 17:07:05 PST 2019,47,0% (0/0),0% (0/0),0% (0/0),"[{""height"":164,""label"":""No Need to Do this Label"",""left"":135,""top"":423,""width"":411}]",683,1024,,
33BFF6QPJ4TKFLSO24U9C3H8ZE63WJ,3PUZG2R74V2U9P5Q09H0HOOQ4PV459,Draw a bounding box around 1 item (2 cents):,Draw a bounding box around 1 item (2 cents):,1 bounding box,$0.02,Fri Nov 29 17:05:35 PST 2019,100,BatchId:3853201;OriginalHitTemplateId:928390838;,3600,86400,Sat Nov 30 17:05:35 PST 2019,3TR2532VITCZS4D049EUJ0U9DRLJ6I,A84BMXLHB88UI,Submitted,Fri Nov 29 18:53:44 PST 2019,Fri Nov 29 18:54:26 PST 2019,Sat Nov 30 18:54:26 PST 2019,42,0% (0/0),0% (0/0),0% (0/0),"[{""height"":152,""label"":""No Need to Do this Label"",""left"":144,""top"":428,""width"":399}]",683,1024,,
33BFF6QPJ4TKFLSO24U9C3H8ZE63WJ,3PUZG2R74V2U9P5Q09H0HOOQ4PV459,Draw a bounding box around 1 item (2 cents):,Draw a bounding box around 1 item (2 cents):,1 bounding box,$0.02,Fri Nov 29 17:05:35 PST 2019,100,BatchId:3853201;OriginalHitTemplateId:928390838;,3600,86400,Sat Nov 30 17:05:35 PST 2019,3TS1AR6UQUW2R2594TS1AG2DFVO7F2,AME98XVLFFLCH,Submitted,Fri Nov 29 18:40:25 PST 2019,Fri Nov 29 18:41:12 PST 2019,Sat Nov 30 18:41:12 PST 2019,47,0% (0/0),0% (0/0),0% (0/0),"[{""height"":145,""label"":""No Need to Do this Label"",""left"":133,""top"":430,""width"":407}]",683,1024,,
33BFF6QPJ4TKFLSO24U9C3H8ZE63WJ,3PUZG2R74V2U9P5Q09H0HOOQ4PV459,Draw a bounding box around 1 item (2 cents):,Draw a bounding box around 1 item (2 cents):,1 bounding box,$0.02,Fri Nov 29 17:05:35 PST 2019,100,BatchId:3853201;OriginalHitTemplateId:928390838;,3600,86400,Sat Nov 30 17:05:35 PST 2019,3TVSS0C0E5IR0MOB7L52J0GVZV5TWY,A1A5VVNVUJXMET,Submitted,Fri Nov 29 19:05:11 PST 2019,Fri Nov 29 19:06:05 PST 2019,Sat Nov 30 19:06:05 PST 2019,54,0% (0/0),0% (0/0),0% (0/0),"[{""height"":155,""label"":""No Need to Do this Label"",""left"":150,""top"":429,""width"":396}]",683,1024,,
33BFF6QPJ4TKFLSO24U9C3H8ZE63WJ,3PUZG2R74V2U9P5Q09H0HOOQ4PV459,Draw a bounding box around 1 item (2 cents):,Draw a bounding box around 1 item (2 cents):,1 bounding box,$0.02,Fri Nov 29 17:05:35 PST 2019,100,BatchId:3853201;OriginalHitTemplateId:928390838;,3600,86400,Sat Nov 30 17:05:35 PST 2019,3TYCR1GOTG17B4LB9ZNIWD0WMKNZLR,A31FROB6IFNXIP,Submitted,Fri Nov 29 19:07:04 PST 2019,Fri Nov 29 19:17:44 PST 2019,Sat Nov 30 19:17:44 PST 2019,640,0% (0/0),0% (0/0),0% (0/0),"[{""height"":148,""label"":""No Need to Do this Label"",""left"":144,""top"":428,""width"":397}]",683,1024,,
33BFF6QPJ4TKFLSO24U9C3H8ZE63WJ,3PUZG2R74V2U9P5Q09H0HOOQ4PV459,Draw a bounding box around 1 item (2 cents):,Draw a bounding box around 1 item (2 cents):,1 bounding box,$0.02,Fri Nov 29 17:05:35 PST 2019,100,BatchId:3853201;OriginalHitTemplateId:928390838;,3600,86400,Sat Nov 30 17:05:35 PST 2019,3UNH76FOCWNRCWTRDPMEIJ6JGV5MYL,ARQA90W3DRJCB,Submitted,Fri Nov 29 17:07:24 PST 2019,Fri Nov 29 17:09:46 PST 2019,Sat Nov 30 17:09:46 PST 2019,142,0% (0/0),0% (0/0),0% (0/0),"[{""height"":149,""label"":""No Need to Do this Label"",""left"":152,""top"":427,""width"":398}]",683,1024,,
33BFF6QPJ4TKFLSO24U9C3H8ZE63WJ,3PUZG2R74V2U9P5Q09H0HOOQ4PV459,Draw a bounding box around 1 item (2 cents):,Draw a bounding box around 1 item (2 cents):,1 bounding box,$0.02,Fri Nov 29 17:05:35 PST 2019,100,BatchId:3853201;OriginalHitTemplateId:928390838;,3600,86400,Sat Nov 30 17:05:35 PST 2019,3UXUOQ9OKIF7VBO1TD69WFRMIFBA7S,A1JPUM7KH3020K,Submitted,Fri Nov 29 18:46:39 PST 2019,Fri Nov 29 18:47:57 PST 2019,Sat Nov 30 18:47:57 PST 2019,78,0% (0/0),0% (0/0),0% (0/0),"[{""height"":151,""label"":""No Need to Do this Label"",""left"":144,""top"":430,""width"":399}]",683,1024,,
33BFF6QPJ4TKFLSO24U9C3H8ZE63WJ,3PUZG2R74V2U9P5Q09H0HOOQ4PV459,Draw a bounding box around 1 item (2 cents):,Draw a bounding box around 1 item (2 cents):,1 bounding box,$0.02,Fri Nov 29 17:05:35 PST 2019,100,BatchId:3853201;OriginalHitTemplateId:928390838;,3600,86400,Sat Nov 30 17:05:35 PST 2019,3UXUOQ9OKIF7VBO1TD69WFRMIFE7AS,A3R01FSZLX4I4Q,Submitted,Fri Nov 29 19:45:01 PST 2019,Fri Nov 29 19:46:12 PST 2019,Sat Nov 30 19:46:12 PST 2019,71,0% (0/0),0% (0/0),0% (0/0),"[{""height"":154,""label"":""No Need to Do this Label"",""left"":146,""top"":427,""width"":400}]",683,1024,,
33BFF6QPJ4TKFLSO24U9C3H8ZE63WJ,3PUZG2R74V2U9P5Q09H0HOOQ4PV459,Draw a bounding box around 1 item (2 cents):,Draw a bounding box around 1 item (2 cents):,1 bounding box,$0.02,Fri Nov 29 17:05:35 PST 2019,100,BatchId:3853201;OriginalHitTemplateId:928390838;,3600,86400,Sat Nov 30 17:05:35 PST 2019,3VE8AYVF8QF6RGASEYK7OGY8QFU8FQ,A29KJK7GPUF3OT,Submitted,Fri Nov 29 18:51:12 PST 2019,Fri Nov 29 18:51:57 PST 2019,Sat Nov 30 18:51:57 PST 2019,45,0% (0/0),0% (0/0),0% (0/0),"[{""height"":153,""label"":""No Need to Do this Label"",""left"":148,""top"":430,""width"":401}]",683,1024,,
33BFF6QPJ4TKFLSO24U9C3H8ZE63WJ,3PUZG2R74V2U9P5Q09H0HOOQ4PV459,Draw a bounding box around 1 item (2 cents):,Draw a bounding box around 1 item (2 cents):,1 bounding box,$0.02,Fri Nov 29 17:05:35 PST 2019,100,BatchId:3853201;OriginalHitTemplateId:928390838;,3600,86400,Sat Nov 30 17:05:35 PST 2019,3VHP9MDGRR283J05VA0CQ2URG6CFC0,A6SDAFY5M76XM,Submitted,Fri Nov 29 17:15:32 PST 2019,Fri Nov 29 17:16:35 PST 2019,Sat Nov 30 17:16:35 PST 2019,63,0% (0/0),0% (0/0),0% (0/0),"[{""height"":148,""label"":""No Need to Do this Label"",""left"":148,""top"":428,""width"":397}]",683,1024,,
33BFF6QPJ4TKFLSO24U9C3H8ZE63WJ,3PUZG2R74V2U9P5Q09H0HOOQ4PV459,Draw a bounding box around 1 item (2 cents):,Draw a bounding box around 1 item (2 cents):,1 bounding box,$0.02,Fri Nov 29 17:05:35 PST 2019,100,BatchId:3853201;OriginalHitTemplateId:928390838;,3600,86400,Sat Nov 30 17:05:35 PST 2019,3VHP9MDGRR283J05VA0CQ2URG6EFC2,A52DULPJTPRFF,Submitted,Fri Nov 29 18:10:02 PST 2019,Fri Nov 29 18:12:24 PST 2019,Sat Nov 30 18:12:24 PST 2019,142,0% (0/0),0% (0/0),0% (0/0),"[{""height"":153,""label"":""No Need to Do this Label"",""left"":146,""top"":426,""width"":397}]",683,1024,,
33BFF6QPJ4TKFLSO24U9C3H8ZE63WJ,3PUZG2R74V2U9P5Q09H0HOOQ4PV459,Draw a bounding box around 1 item (2 cents):,Draw a bounding box around 1 item (2 cents):,1 bounding box,$0.02,Fri Nov 29 17:05:35 PST 2019,100,BatchId:3853201;OriginalHitTemplateId:928390838;,3600,86400,Sat Nov 30 17:05:35 PST 2019,3VHP9MDGRR283J05VA0CQ2URG6JCF4,A1LFQWFV4O0RMJ,Submitted,Fri Nov 29 20:24:43 PST 2019,Fri Nov 29 20:25:25 PST 2019,Sat Nov 30 20:25:25 PST 2019,42,0% (0/0),0% (0/0),0% (0/0),"[{""height"":146,""label"":""No Need to Do this Label"",""left"":142,""top"":432,""width"":405}]",683,1024,,
33BFF6QPJ4TKFLSO24U9C3H8ZE63WJ,3PUZG2R74V2U9P5Q09H0HOOQ4PV459,Draw a bounding box around 1 item (2 cents):,Draw a bounding box around 1 item (2 cents):,1 bounding box,$0.02,Fri Nov 29 17:05:35 PST 2019,100,BatchId:3853201;OriginalHitTemplateId:928390838;,3600,86400,Sat Nov 30 17:05:35 PST 2019,3VW6495TLNIR6DI5WSAPCETQP5JYYN,A2NEEM4JRMR4BB,Submitted,Fri Nov 29 17:08:26 PST 2019,Fri Nov 29 17:09:24 PST 2019,Sat Nov 30 17:09:24 PST 2019,58,0% (0/0),0% (0/0),0% (0/0),"[{""height"":155,""label"":""No Need to Do this Label"",""left"":145,""top"":426,""width"":399}]",683,1024,,
33BFF6QPJ4TKFLSO24U9C3H8ZE63WJ,3PUZG2R74V2U9P5Q09H0HOOQ4PV459,Draw a bounding box around 1 item (2 cents):,Draw a bounding box around 1 item (2 cents):,1 bounding box,$0.02,Fri Nov 29 17:05:35 PST 2019,100,BatchId:3853201;OriginalHitTemplateId:928390838;,3600,86400,Sat Nov 30 17:05:35 PST 2019,3WQQ9FUS6ECGEZYC9WYB5Q7NBH18B7,A17UTAVQMEF94Z,Submitted,Fri Nov 29 18:11:54 PST 2019,Fri Nov 29 18:15:01 PST 2019,Sat Nov 30 18:15:01 PST 2019,187,0% (0/0),0% (0/0),0% (0/0),"[{""height"":153,""label"":""No Need to Do this Label"",""left"":145,""top"":427,""width"":399}]",683,1024,,
33BFF6QPJ4TKFLSO24U9C3H8ZE63WJ,3PUZG2R74V2U9P5Q09H0HOOQ4PV459,Draw a bounding box around 1 item (2 cents):,Draw a bounding box around 1 item (2 cents):,1 bounding box,$0.02,Fri Nov 29 17:05:35 PST 2019,100,BatchId:3853201;OriginalHitTemplateId:928390838;,3600,86400,Sat Nov 30 17:05:35 PST 2019,3WR9XG3T67TSTM8KKCWIJC5MQ5F47B,A3FE0V8EX79BU5,Submitted,Fri Nov 29 18:36:32 PST 2019,Fri Nov 29 18:37:10 PST 2019,Sat Nov 30 18:37:10 PST 2019,38,0% (0/0),0% (0/0),0% (0/0),"[{""height"":164,""label"":""No Need to Do this Label"",""left"":127,""top"":415,""width"":431}]",683,1024,,
33BFF6QPJ4TKFLSO24U9C3H8ZE63WJ,3PUZG2R74V2U9P5Q09H0HOOQ4PV459,Draw a bounding box around 1 item (2 cents):,Draw a bounding box around 1 item (2 cents):,1 bounding box,$0.02,Fri Nov 29 17:05:35 PST 2019,100,BatchId:3853201;OriginalHitTemplateId:928390838;,3600,86400,Sat Nov 30 17:05:35 PST 2019,3WT783CTPFZIQ2OPQ8EG7C3618LBCF,A1MR9YZ7D7E34G,Submitted,Fri Nov 29 17:37:45 PST 2019,Fri Nov 29 17:38:57 PST 2019,Sat Nov 30 17:38:57 PST 2019,72,0% (0/0),0% (0/0),0% (0/0),"[{""height"":162,""label"":""No Need to Do this Label"",""left"":134,""top"":422,""width"":413}]",683,1024,,
33BFF6QPJ4TKFLSO24U9C3H8ZE63WJ,3PUZG2R74V2U9P5Q09H0HOOQ4PV459,Draw a bounding box around 1 item (2 cents):,Draw a bounding box around 1 item (2 cents):,1 bounding box,$0.02,Fri Nov 29 17:05:35 PST 2019,100,BatchId:3853201;OriginalHitTemplateId:928390838;,3600,86400,Sat Nov 30 17:05:35 PST 2019,3X65QVEQI45U3BA1HL3ALFZBD2YCL2,A2ATE9N3UO6V71,Submitted,Fri Nov 29 17:11:40 PST 2019,Fri Nov 29 17:11:58 PST 2019,Sat Nov 30 17:11:58 PST 2019,18,0% (0/0),0% (0/0),0% (0/0),"[{""height"":156,""label"":""No Need to Do this Label"",""left"":140,""top"":424,""width"":406},{""height"":3,""label"":""No Need to Do this Label"",""left"":693,""top"":538,""width"":8}]",683,1024,,
33BFF6QPJ4TKFLSO24U9C3H8ZE63WJ,3PUZG2R74V2U9P5Q09H0HOOQ4PV459,Draw a bounding box around 1 item (2 cents):,Draw a bounding box around 1 item (2 cents):,1 bounding box,$0.02,Fri Nov 29 17:05:35 PST 2019,100,BatchId:3853201;OriginalHitTemplateId:928390838;,3600,86400,Sat Nov 30 17:05:35 PST 2019,3XCC1ODXDPT90AFXRN11RWXRN9PRQD,A3MV1MLYPF9F6F,Submitted,Fri Nov 29 17:53:13 PST 2019,Fri Nov 29 17:54:08 PST 2019,Sat Nov 30 17:54:08 PST 2019,55,0% (0/0),0% (0/0),0% (0/0),"[{""height"":153,""label"":""No Need to Do this Label"",""left"":150,""top"":426,""width"":395}]",683,1024,,
33BFF6QPJ4TKFLSO24U9C3H8ZE63WJ,3PUZG2R74V2U9P5Q09H0HOOQ4PV459,Draw a bounding box around 1 item (2 cents):,Draw a bounding box around 1 item (2 cents):,1 bounding box,$0.02,Fri Nov 29 17:05:35 PST 2019,100,BatchId:3853201;OriginalHitTemplateId:928390838;,3600,86400,Sat Nov 30 17:05:35 PST 2019,3YGXWBAF74ZY533GBT4TZYX0RG34C1,A2T73PMPM105PE,Submitted,Fri Nov 29 17:09:08 PST 2019,Fri Nov 29 17:09:48 PST 2019,Sat Nov 30 17:09:48 PST 2019,40,0% (0/0),0% (0/0),0% (0/0),"[{""height"":161,""label"":""No Need to Do this Label"",""left"":148,""top"":422,""width"":394}]",683,1024,,
33BFF6QPJ4TKFLSO24U9C3H8ZE63WJ,3PUZG2R74V2U9P5Q09H0HOOQ4PV459,Draw a bounding box around 1 item (2 cents):,Draw a bounding box around 1 item (2 cents):,1 bounding box,$0.02,Fri Nov 29 17:05:35 PST 2019,100,BatchId:3853201;OriginalHitTemplateId:928390838;,3600,86400,Sat Nov 30 17:05:35 PST 2019,3YWRV122CWHVAY7I9NF6AGZB027U89,A2EDC9NY41R5Q1,Submitted,Fri Nov 29 17:51:45 PST 2019,Fri Nov 29 17:53:14 PST 2019,Sat Nov 30 17:53:14 PST 2019,89,0% (0/0),0% (0/0),0% (0/0),"[{""height"":151,""label"":""No Need to Do this Label"",""left"":145,""top"":430,""width"":399}]",683,1024,,
33BFF6QPJ4TKFLSO24U9C3H8ZE63WJ,3PUZG2R74V2U9P5Q09H0HOOQ4PV459,Draw a bounding box around 1 item (2 cents):,Draw a bounding box around 1 item (2 cents):,1 bounding box,$0.02,Fri Nov 29 17:05:35 PST 2019,100,BatchId:3853201;OriginalHitTemplateId:928390838;,3600,86400,Sat Nov 30 17:05:35 PST 2019,3Z2R0DQ0JLW3ZN8736R0W705SEKE28,A15E0UYLSJKR53,Submitted,Fri Nov 29 17:17:53 PST 2019,Fri Nov 29 17:21:24 PST 2019,Sat Nov 30 17:21:24 PST 2019,211,0% (0/0),0% (0/0),0% (0/0),"[{""height"":154,""label"":""No Need to Do this Label"",""left"":146,""top"":426,""width"":401}]",683,1024,,
33BFF6QPJ4TKFLSO24U9C3H8ZE63WJ,3PUZG2R74V2U9P5Q09H0HOOQ4PV459,Draw a bounding box around 1 item (2 cents):,Draw a bounding box around 1 item (2 cents):,1 bounding box,$0.02,Fri Nov 29 17:05:35 PST 2019,100,BatchId:3853201;OriginalHitTemplateId:928390838;,3600,86400,Sat Nov 30 17:05:35 PST 2019,3ZDAD0O1T5V6PMT1HQ1OLJU28X7TXN,A3G7UW48LED0U9,Submitted,Fri Nov 29 17:06:27 PST 2019,Fri Nov 29 17:08:11 PST 2019,Sat Nov 30 17:08:11 PST 2019,104,0% (0/0),0% (0/0),0% (0/0),"[{""height"":154,""label"":""No Need to Do this Label"",""left"":145,""top"":426,""width"":398}]",683,1024,,
33BFF6QPJ4TKFLSO24U9C3H8ZE63WJ,3PUZG2R74V2U9P5Q09H0HOOQ4PV459,Draw a bounding box around 1 item (2 cents):,Draw a bounding box around 1 item (2 cents):,1 bounding box,$0.02,Fri Nov 29 17:05:35 PST 2019,100,BatchId:3853201;OriginalHitTemplateId:928390838;,3600,86400,Sat Nov 30 17:05:35 PST 2019,3ZDAD0O1T5V6PMT1HQ1OLJU28XCXTW,A354IL6K61ZWHP,Submitted,Fri Nov 29 19:35:59 PST 2019,Fri Nov 29 19:37:01 PST 2019,Sat Nov 30 19:37:01 PST 2019,62,0% (0/0),0% (0/0),0% (0/0),"[{""height"":155,""label"":""No Need to Do this Label"",""left"":143,""top"":426,""width"":402}]",683,1024,,
33BFF6QPJ4TKFLSO24U9C3H8ZE63WJ,3PUZG2R74V2U9P5Q09H0HOOQ4PV459,Draw a bounding box around 1 item (2 cents):,Draw a bounding box around 1 item (2 cents):,1 bounding box,$0.02,Fri Nov 29 17:05:35 PST 2019,100,BatchId:3853201;OriginalHitTemplateId:928390838;,3600,86400,Sat Nov 30 17:05:35 PST 2019,3ZSY5X72N1T6FY2HCA9X2R2R885RO3,AWHFDTC0631VS,Submitted,Fri Nov 29 17:07:45 PST 2019,Fri Nov 29 17:08:54 PST 2019,Sat Nov 30 17:08:54 PST 2019,69,0% (0/0),0% (0/0),0% (0/0),"[{""height"":154,""label"":""No Need to Do this Label"",""left"":148,""top"":422,""width"":398}]",683,1024,,
